title,release_year,budget,revenue,loss,genres
The Lone Ranger,2013,255000000.0,89289910.0,165710090.0,"Action, Adventure, Western"
The Alamo,2004,145000000.0,25819961.0,119180039.0,"Western, History, War"
Mars Needs Moms,2011,150000000.0,38992758.0,111007242.0,"Adventure, Animation, Family"
Valerian and the City of a Thousand Planets,2017,197471676.0,90024292.0,107447384.0,"Adventure, Science Fiction, Action"
The 13th Warrior,1999,160000000.0,61698899.0,98301101.0,"Adventure, Fantasy, Action"
The Adventures of Pluto Nash,2002,100000000.0,7103973.0,92896027.0,"Action, Comedy, Science Fiction"
Metropolis,1927,92620000.0,650422.0,91969578.0,"Drama, Science Fiction"
Cutthroat Island,1995,98000000.0,10017322.0,87982678.0,"Action, Adventure"
Live by Night,2016,108000000.0,22678555.0,85321445.0,"Crime, Drama"
Flushed Away,2006,149000000.0,64459316.0,84540684.0,"Adventure, Animation, Comedy, Family"
Australia,2008,130000000.0,49554002.0,80445998.0,Drama
Town & Country,2001,90000000.0,10372291.0,79627709.0,"Comedy, Romance"
Supernova,2000,90000000.0,14828081.0,75171919.0,"Horror, Science Fiction, Thriller"
A Sound of Thunder,2005,80000000.0,5989640.0,74010360.0,"Thriller, Science Fiction, Adventure, Action"
The Nutcracker: The Untold Story,2010,90000000.0,16178959.0,73821041.0,"Fantasy, Action, Family"
Awake,2007,86000000.0,14373825.0,71626175.0,"Thriller, Crime, Mystery"
How Do You Know,2010,120000000.0,48668907.0,71331093.0,"Comedy, Drama, Romance"
The Great Raid,2005,80000000.0,10166502.0,69833498.0,"Action, History, War"
Monkeybone,2001,75000000.0,5409517.0,69590483.0,"Adventure, Fantasy, Animation, Action, Comedy"
R.I.P.D.,2013,130000000.0,61648500.0,68351500.0,"Fantasy, Action, Comedy, Crime"
The Invasion,2007,80000000.0,15071514.0,64928486.0,"Science Fiction, Thriller"
Foodfight!,2012,65000000.0,73706.0,64926294.0,"Animation, Action, Comedy, Family"
K-19: The Widowmaker,2002,100000000.0,35168966.0,64831034.0,"Drama, History, Thriller"
The Postman,1997,80000000.0,17626234.0,62373766.0,"Drama, Adventure"
Sphere,1998,75000000.0,13100000.0,61900000.0,Science Fiction
Osmosis Jones,2001,75000000.0,13596911.0,61403089.0,"Adventure, Animation, Action, Comedy, Family"
Virus,1999,75000000.0,14010690.0,60989310.0,"Horror, Action, Science Fiction"
Lolita,1997,62000000.0,1060056.0,60939944.0,"Drama, Romance"
Monster Trucks,2016,125000000.0,64493915.0,60506085.0,"Action, Comedy, Science Fiction"
Soldier,1998,75000000.0,14567883.0,60432117.0,"Action, War, Science Fiction"
Chill Factor,1999,70000000.0,11263966.0,58736034.0,"Action, Comedy, Thriller"
Stealth,2005,135000000.0,76932943.0,58067057.0,Action
The Astronaut's Wife,1999,75000000.0,19598588.0,55401412.0,"Drama, Science Fiction, Thriller"
Blackhat,2015,70000000.0,17752940.0,52247060.0,"Crime, Drama, Mystery"
Upside Down,2012,60000000.0,8106475.0,51893525.0,"Romance, Science Fiction, Drama, Fantasy"
Final Fantasy: The Spirits Within,2001,137000000.0,85131830.0,51868170.0,"Adventure, Action, Animation, Fantasy, Science Fiction, Thriller"
Legends of Oz: Dorothy's Return,2013,70000000.0,18662027.0,51337973.0,"Animation, Music, Family"
Rock Dog,2016,60000000.0,9420546.0,50579454.0,"Adventure, Animation, Comedy, Family, Music"
Hard Rain,1998,70000000.0,19870567.0,50129433.0,Thriller
Ballistic: Ecks vs. Sever,2002,70000000.0,19924033.0,50075967.0,"Action, Adventure, Thriller"
D-Tox,2002,55000000.0,6416302.0,48583698.0,"Action, Thriller"
Hudson Hawk,1991,65000000.0,17218080.0,47781920.0,"Action, Adventure, Comedy"
The Iron Giant,1999,70000000.0,23159305.0,46840695.0,"Adventure, Animation, Family, Fantasy, Science Fiction"
Gigli,2003,54000000.0,7266209.0,46733791.0,Drama
Child 44,2015,50000000.0,3324330.0,46675670.0,"Crime, Thriller"
Alfie,2004,60000000.0,13395939.0,46604061.0,Comedy
Red Planet,2000,80000000.0,33463969.0,46536031.0,"Thriller, Action, Science Fiction"
The Out-of-Towners,1999,75000000.0,29000000.0,46000000.0,Comedy
All the King's Men,2006,55000000.0,9450897.0,45549103.0,"Drama, Thriller"
Bullet to the Head,2013,55000000.0,9489829.0,45510171.0,"Action, Crime, Thriller"
Thirteen Days,2000,80000000.0,34566746.0,45433254.0,"Drama, Thriller"
The Last Castle,2001,72000000.0,27642707.0,44357293.0,"Action, Drama, Thriller"
Get Carter,2000,63600000.0,19412993.0,44187007.0,"Action, Drama, Thriller, Crime"
Fire Down Below,1997,60000000.0,16000000.0,44000000.0,"Action, Adventure, Crime, Thriller"
Turbulence,1997,55000000.0,11466088.0,43533912.0,"Action, Thriller, Crime"
Mr. Nobody,2009,47000000.0,3547209.0,43452791.0,"Science Fiction, Drama, Romance, Fantasy"
3000 Miles to Graceland,2001,62000000.0,18720175.0,43279825.0,"Action, Adventure, Comedy, Thriller, Crime"
The Big Bounce,2004,50000000.0,6808550.0,43191450.0,"Comedy, Crime"
Gods and Generals,2003,56000000.0,12923936.0,43076064.0,"Drama, History, War"
Outlander,2008,50000000.0,7033683.0,42966317.0,"Fantasy, Action, Science Fiction"
Shadow Conspiracy,1997,45000000.0,2154540.0,42845460.0,"Action, Thriller"
The Wild,2006,80000000.0,37384046.0,42615954.0,"Family, Animation"
Flyboys,2006,60000000.0,17800000.0,42200000.0,"Action, Adventure, Drama, History, Romance, War"
The Last Legion,2007,67000000.0,25303038.0,41696962.0,"Action, Adventure, Fantasy, War"
Stay,2005,50000000.0,8342132.0,41657868.0,"Mystery, Thriller, Drama"
Conan the Barbarian,2011,90000000.0,48795021.0,41204979.0,"Adventure, Fantasy, Action"
The Adventures of Rocky & Bullwinkle,2000,76000000.0,35134820.0,40865180.0,"Action, Adventure, Animation, Comedy, Family"
Ishtar,1987,55000000.0,14375181.0,40624819.0,"Action, Adventure, Comedy"
Goya's Ghosts,2006,50000000.0,9448082.0,40551918.0,Drama
The Legend of Bagger Vance,2000,80000000.0,39459427.0,40540573.0,"Fantasy, Drama"
Heaven's Gate,1980,44000000.0,3484331.0,40515669.0,"Action, Drama, History, Western"
Love in the Time of Cholera,2007,45000000.0,4607608.0,40392392.0,"Drama, Romance"
Jade,1995,50000000.0,9851610.0,40148390.0,"Action, Thriller, Mystery, Romance"
Rock Star,2001,57000000.0,16991902.0,40008098.0,"Music, Drama, Comedy"
1492: Conquest of Paradise,1992,47000000.0,7191399.0,39808601.0,"Action, Adventure, Drama, History"
The Ottoman Lieutenant,2017,40000000.0,240978.0,39759022.0,"Romance, Drama, War"
The Scarlet Letter,1995,50000000.0,10382407.0,39617593.0,"Drama, History, Romance"
Mad City,1997,50000000.0,10541523.0,39458477.0,"Action, Drama, Thriller"
Driven,2001,94000000.0,54744738.0,39255262.0,Action
The Adventures of Baron Munchausen,1988,46630000.0,8083123.0,38546877.0,"Action, Adventure, Comedy, Fantasy"
Fair Game,1995,50000000.0,11534477.0,38465523.0,"Action, Thriller, Romance"
Pirates,1986,40000000.0,1641825.0,38358175.0,"Adventure, Comedy"
Titan A.E.,2000,75000000.0,36754634.0,38245366.0,"Animation, Action, Science Fiction, Family, Adventure"
Mystery Men,1999,68000000.0,29762011.0,38237989.0,"Adventure, Fantasy, Action, Comedy, Science Fiction"
Wyatt Earp,1994,63000000.0,25052000.0,37948000.0,"Drama, Action, Western"
Around the World in 80 Days,2004,110000000.0,72178895.0,37821105.0,"Action, Adventure, Comedy"
Hart's War,2002,70000000.0,32287044.0,37712956.0,"Drama, War"
Windtalkers,2002,115000000.0,77628265.0,37371735.0,"Drama, Action, History, War"
Ride with the Devil,1999,38000000.0,635096.0,37364904.0,"Drama, War, Romance, Western"
Street Fighter: The Legend of Chun-Li,2009,50000000.0,12764201.0,37235799.0,"Action, Adventure, Science Fiction, Thriller"
Solomon Kane,2009,45000000.0,7810000.0,37190000.0,"Adventure, Fantasy, Action, Science Fiction"
City of Ember,2008,55000000.0,17869048.0,37130952.0,"Adventure, Family, Fantasy"
The Mod Squad,1999,50000000.0,13260050.0,36739950.0,"Action, Mystery, Thriller"
Jonah Hex,2010,47000000.0,10539000.0,36461000.0,"Action, Western, Drama, Fantasy, Thriller"
I Spy,2002,70000000.0,33561137.0,36438863.0,"Action, Adventure, Comedy, Thriller"
The Fan,1996,55000000.0,18626419.0,36373581.0,"Drama, Mystery, Thriller"
Broken City,2013,56000000.0,19701164.0,36298836.0,"Thriller, Crime, Drama"
Timeline,2003,80000000.0,43935763.0,36064237.0,"Action, Adventure, Science Fiction"
Miracle at St. Anna,2008,45000000.0,9323833.0,35676167.0,"Drama, War"
The Majestic,2001,72000000.0,37317558.0,34682442.0,"Drama, Romance"
At Play in the Fields of the Lord,1991,36000000.0,1345903.0,34654097.0,"Drama, Romance"
Mary Reilly,1996,47000000.0,12379402.0,34620598.0,"Drama, Horror, Thriller, Romance"
Man on the Moon,1999,82000000.0,47434430.0,34565570.0,"Comedy, Drama, Romance"
Black Gold,2011,40000000.0,5446000.0,34554000.0,"Adventure, Drama"
Black Gold,2011,40000000.0,5446000.0,34554000.0,"Adventure, Drama"
Universal Soldier: The Return,1999,45000000.0,10667893.0,34332107.0,"Action, Science Fiction"
Anna Karenina,1997,35000000.0,791830.0,34208170.0,"Drama, Romance"
Strange Days,1995,42000000.0,7959291.0,34040709.0,"Crime, Drama, Science Fiction, Thriller"
Deep Rising,1998,45000000.0,11203026.0,33796974.0,"Adventure, Action, Horror, Science Fiction"
Sinbad: Legend of the Seven Seas,2003,60000000.0,26288320.0,33711680.0,"Family, Animation, Adventure"
The Big Year,2011,41000000.0,7448385.0,33551615.0,Comedy
Terminal Velocity,1994,50000000.0,16478900.0,33521100.0,"Action, Thriller"
Baby's Day Out,1994,50000000.0,16671505.0,33328495.0,"Action, Adventure, Comedy, Family"
Event Horizon,1997,60000000.0,26673242.0,33326758.0,"Horror, Science Fiction, Mystery"
Isn't She Great,2000,36000000.0,3003296.0,32996704.0,"Drama, Comedy"
Stolen,2012,35000000.0,2106557.0,32893443.0,"Action, Crime, Drama, Thriller"
Lady in the Water,2006,75000000.0,42285169.0,32714831.0,"Drama, Thriller, Fantasy, Mystery"
The Children of Huang Shi,2008,40000000.0,7400000.0,32600000.0,"Drama, War"
Virgin Territory,2007,38000000.0,5410749.0,32589251.0,"Adventure, Action, Comedy, Romance"
Against the Ropes,2004,39000000.0,6614280.0,32385720.0,"Romance, Drama"
The Cotton Club,1984,58000000.0,25928721.0,32071279.0,"Music, Drama, Crime, Romance"
Valmont,1989,33000000.0,1132112.0,31867888.0,"Drama, Romance"
Christopher Columbus: The Discovery,1992,40000000.0,8251071.0,31748929.0,Action
The Interview,2014,44000000.0,12342632.0,31657368.0,"Action, Comedy"
Nothing but Trouble,1991,40000000.0,8479793.0,31520207.0,"Comedy, Adventure"
Big Trouble,2002,40000000.0,8493890.0,31506110.0,"Action, Comedy, Thriller"
Basic Instinct 2,2006,70000000.0,38629478.0,31370522.0,"Crime, Mystery, Thriller"
Land of the Lost,2009,100000000.0,68688831.0,31311169.0,"Adventure, Comedy, Science Fiction"
The Bonfire of the Vanities,1990,47000000.0,15691192.0,31308808.0,"Comedy, Drama"
Agora,2009,70000000.0,39041505.0,30958495.0,"Adventure, Drama, History"
The Warrior's Way,2010,42000000.0,11087569.0,30912431.0,"Adventure, Fantasy, Action, Western, Thriller"
Havana,1990,40000000.0,9243140.0,30756860.0,"Drama, Romance"
Switchback,1997,37000000.0,6482195.0,30517805.0,"Action, Adventure, Mystery, Thriller"
Treasure Planet,2002,140000000.0,109578115.0,30421885.0,"Adventure, Animation, Family, Fantasy, Science Fiction"
Radio Flyer,1992,35000000.0,4651977.0,30348023.0,Drama
Nixon,1995,44000000.0,13681765.0,30318235.0,"History, Drama"
The Express,2008,40000000.0,9793496.0,30206504.0,Drama
Surviving Christmas,2004,45000000.0,14793624.0,30206376.0,"Comedy, Romance"
Little Buddha,1993,35000000.0,4858139.0,30141861.0,"Drama, History"
1911,2011,30000000.0,108348.0,29891652.0,"Adventure, Drama, Action, History, War"
Dominion: Prequel to the Exorcist,2005,30000000.0,251495.0,29748505.0,"Horror, Thriller"
The Insider,1999,90000000.0,60289912.0,29710088.0,"Drama, Thriller"
Mr. Saturday Night,1992,43000000.0,13300000.0,29700000.0,"Drama, Comedy"
Mortdecai,2015,60000000.0,30418560.0,29581440.0,"Comedy, Adventure"
Idiocracy,2006,30000000.0,495303.0,29504697.0,"Adventure, Comedy, Science Fiction"
Winter's Tale,2014,60000000.0,30800231.0,29199769.0,"Drama, Fantasy, Mystery, Romance"
Mission to Mars,2000,90000000.0,60874615.0,29125385.0,Science Fiction
Extreme Ops,2002,40000000.0,10959475.0,29040525.0,"Action, Adventure, Drama, Thriller"
TEKKEN,2010,30000000.0,967000.0,29033000.0,"Crime, Drama, Action, Thriller, Science Fiction"
King Arthur: Legend of the Sword,2017,175000000.0,146175066.0,28824934.0,"Action, Drama, Fantasy"
Thunderbirds,2004,57000000.0,28283637.0,28716363.0,"Action, Adventure, Comedy, Family, Fantasy, Science Fiction"
The Adventures of Ford Fairlane,1990,49000000.0,20423389.0,28576611.0,"Action, Comedy, Thriller, Crime, Mystery"
Cats Don't Dance,1997,32000000.0,3566637.0,28433363.0,"Animation, Comedy, Family, Music"
Practical Magic,1998,75000000.0,46683377.0,28316623.0,"Drama, Fantasy, Comedy"
The Soloist,2009,60000000.0,31720158.0,28279842.0,Drama
Rebound,2005,45000000.0,16809014.0,28190986.0,"Comedy, Family"
My Favorite Martian,1999,65000000.0,36850101.0,28149899.0,"Comedy, Drama, Family, Science Fiction"
The Finest Hours,2016,80000000.0,52099090.0,27900910.0,"Action, Drama, History, Thriller"
Whiteout,2009,40000000.0,12206028.0,27793972.0,"Action, Crime, Mystery, Thriller"
White Squall,1996,38000000.0,10300000.0,27700000.0,"Action, Drama"
The Phantom,1996,45000000.0,17300889.0,27699111.0,"Adventure, Action"
Enemy Mine,1985,40000000.0,12303411.0,27696589.0,"Drama, Science Fiction"
Ballerina,2016,30000000.0,2351359.0,27648641.0,"Animation, Family, Adventure, Comedy"
Machine Gun Preacher,2011,30000000.0,2527904.0,27472096.0,"Action, Thriller, Crime"
The Chamber,1996,50000000.0,22540359.0,27459641.0,"Crime, Drama"
Super Mario Bros.,1993,48000000.0,20915465.0,27084535.0,"Adventure, Comedy, Family, Fantasy"
Domino,2005,50000000.0,22944502.0,27055498.0,"Action, Crime"
Silent Fall,1994,30000000.0,3180674.0,26819326.0,"Drama, Thriller, Mystery"
Trespass,2011,36000000.0,9612469.0,26387531.0,"Crime, Drama, Thriller"
The Gunman,2015,40000000.0,13644292.0,26355708.0,"Action, Drama, Crime"
Santa Claus: The Movie,1985,50000000.0,23717291.0,26282709.0,"Family, Fantasy, Adventure, Science Fiction, Comedy"
Nine,2009,80000000.0,53825515.0,26174485.0,"Drama, Music, Romance"
The Good German,2006,32000000.0,5914908.0,26085092.0,"War, Crime, Drama, Mystery, Romance, Thriller"
Speed Racer,2008,120000000.0,93945766.0,26054234.0,"Action, Family, Science Fiction"
The Relic,1997,60000000.0,33956608.0,26043392.0,"Horror, Mystery, Thriller"
A Hologram for the King,2016,30000000.0,4212494.0,25787506.0,"Comedy, Drama"
Memoirs of an Invisible Man,1992,40000000.0,14358033.0,25641967.0,"Comedy, Fantasy, Science Fiction"
Sin City: A Dame to Kill For,2014,65000000.0,39407616.0,25592384.0,"Crime, Thriller"
The Swan Princess,1994,35000000.0,9771658.0,25228342.0,Animation
Oldboy,2013,30000000.0,4861022.0,25138978.0,"Drama, Thriller, Mystery, Action"
The Tale of the Princess Kaguya,2013,49300000.0,24186232.0,25113768.0,"Animation, Drama, Fantasy"
The Good Shepherd,2006,85000000.0,59908565.0,25091435.0,"Drama, Thriller, History"
I Still Know What You Did Last Summer,1998,65000000.0,40002112.0,24997888.0,"Horror, Mystery, Thriller"
Free State of Jones,2016,50000000.0,25035950.0,24964050.0,"War, Action, Drama, History, Thriller"
Spanglish,2004,80000000.0,55041367.0,24958633.0,Comedy
Twisted,2004,50000000.0,25195000.0,24805000.0,"Action, Adventure, Crime, Drama, Thriller"
Showgirls,1995,45000000.0,20350754.0,24649246.0,Drama
Money Train,1995,60000000.0,35431113.0,24568887.0,"Action, Comedy, Crime"
Bandidas,2006,35000000.0,10496317.0,24503683.0,"Action, Comedy, Western, Crime"
Flags of Our Fathers,2006,90000000.0,65900249.0,24099751.0,"War, Drama, History"
47 Ronin,2013,175000000.0,150962475.0,24037525.0,"Drama, Action, Adventure, Fantasy"
Flight of the Phoenix,2004,45000000.0,21009180.0,23990820.0,"Action, Adventure, Drama, Thriller"
Hollywood Homicide,2003,75000000.0,51142659.0,23857341.0,"Action, Adventure, Comedy, Thriller"
Blood Work,2002,50000000.0,26199517.0,23800483.0,"Crime, Drama, Mystery, Thriller"
Your Highness,2011,49900000.0,26121638.0,23778362.0,Comedy
Intersection,1994,45000000.0,21355893.0,23644107.0,"Drama, Romance"
The Flintstones in Viva Rock Vegas,2000,83000000.0,59468275.0,23531725.0,"Science Fiction, Comedy, Family, Romance"
The Young and Prodigious T.S. Spivet,2013,33000000.0,9494789.0,23505211.0,"Adventure, Drama, Family"
Gattaca,1997,36000000.0,12532777.0,23467223.0,"Thriller, Science Fiction, Mystery, Romance"
The Order,2003,35000000.0,11560806.0,23439194.0,"Drama, Fantasy, Horror, Mystery, Romance, Thriller"
Angel Eyes,2001,53000000.0,29700000.0,23300000.0,"Drama, Romance, Thriller"
Life or Something Like It,2002,40000000.0,16872671.0,23127329.0,"Comedy, Drama, Romance"
Trapped,2002,30000000.0,6916869.0,23083131.0,"Action, Crime, Drama, Thriller"
Metro,1997,55000000.0,31987563.0,23012437.0,"Action, Adventure, Comedy, Crime, Thriller"
Freedomland,2006,37665000.0,14655628.0,23009372.0,"Drama, Thriller, Crime, Mystery"
Junior,1994,60000000.0,37000000.0,23000000.0,"Comedy, Family, Romance"
Psycho,1998,60000000.0,37141130.0,22858870.0,"Horror, Mystery, Thriller"
Battlefield Earth,2000,44000000.0,21400000.0,22600000.0,"Action, Science Fiction, War"
Zoom,2006,35000000.0,12506188.0,22493812.0,"Family, Fantasy, Comedy"
Silence,2016,46000000.0,23737523.0,22262477.0,"Drama, History"
Pan,2015,150000000.0,128388320.0,21611680.0,"Adventure, Family, Fantasy"
Barney's Version,2010,30000000.0,8454301.0,21545699.0,"Comedy, Drama"
We Are Marshall,2006,65000000.0,43545364.0,21454636.0,Drama
The Lost City of Z,2016,30000000.0,8574339.0,21425661.0,"Action, Adventure, Drama, History"
American Outlaws,2001,35000000.0,13678913.0,21321087.0,"Action, Western"
Paranoia,2013,35000000.0,13785015.0,21214985.0,"Drama, Thriller"
Stuck on You,2003,55000000.0,33828318.0,21171682.0,Comedy
FearDotCom,2002,40000000.0,18902015.0,21097985.0,"Horror, Thriller"
Drive Angry,2011,50000000.0,28931401.0,21068599.0,"Fantasy, Thriller, Action, Crime"
The Rum Diary,2011,45000000.0,24000000.0,21000000.0,"Drama, Comedy"
The Spirit,2008,60000000.0,39031337.0,20968663.0,"Action, Comedy, Thriller, Crime, Science Fiction"
Astro Boy,2009,65000000.0,44091067.0,20908933.0,"Animation, Action, Family, Science Fiction"
Babe: Pig in the City,1998,90000000.0,69131860.0,20868140.0,"Adventure, Comedy, Drama, Family, Fantasy"
The Hunted,2003,55000000.0,34234008.0,20765992.0,"Drama, Action, Thriller, Crime"
Domestic Disturbance,2001,75000000.0,54249294.0,20750706.0,"Mystery, Thriller, Crime"
Amelia,2009,40000000.0,19258519.0,20741481.0,Adventure
Supergirl,1984,35000000.0,14296438.0,20703562.0,"Adventure, Fantasy, Action, Science Fiction"
Duplex,2003,40000000.0,19322135.0,20677865.0,"Action, Comedy, Thriller"
Extreme Measures,1996,38000000.0,17380126.0,20619874.0,"Drama, Thriller"
Their Finest,2017,32745300.0,12173470.0,20571830.0,"Romance, War, Comedy, Drama"
Unfinished Business,2015,35000000.0,14431253.0,20568747.0,Comedy
Color of Night,1994,40000000.0,19726050.0,20273950.0,"Drama, Mystery, Romance, Thriller"
Red Dawn,2012,65000000.0,44806783.0,20193217.0,"War, Action, Thriller, Science Fiction"
The Love Guru,2008,62000000.0,41819064.0,20180936.0,"Comedy, Romance"
Very Bad Things,1998,30000000.0,9898412.0,20101588.0,"Comedy, Crime, Thriller"
The Horseman on the Roof,1995,35000000.0,15000000.0,20000000.0,"War, Adventure, Drama, Romance"
Dungeons & Dragons,2000,35000000.0,15185241.0,19814759.0,"Action, Adventure, Fantasy, Science Fiction"
Last Man Standing,1996,67000000.0,47267001.0,19732999.0,"Action, Crime, Drama, Thriller"
Assassins,1995,50000000.0,30303072.0,19696928.0,"Action, Adventure, Crime, Thriller"
The Fountain,2006,35000000.0,15304890.0,19695110.0,"Drama, Adventure, Science Fiction, Romance"
Ali,2001,107000000.0,87713825.0,19286175.0,Drama
Micmacs,2009,33000000.0,14000000.0,19000000.0,"Action, Comedy, Crime"
For Love or Money,1993,30000000.0,11146270.0,18853730.0,"Comedy, Romance"
The Road to El Dorado,2000,95000000.0,76432727.0,18567273.0,"Adventure, Animation, Comedy, Family"
Femme Fatale,2002,35000000.0,16838910.0,18161090.0,"Thriller, Crime, Romance"
Duplicity,2009,78146652.0,60000000.0,18146652.0,"Romance, Comedy, Crime"
Sunshine,2007,50000000.0,32017803.0,17982197.0,"Science Fiction, Thriller"
A Thousand Words,2012,40000000.0,22044277.0,17955723.0,"Drama, Comedy"
Catwoman,2004,100000000.0,82102379.0,17897621.0,"Action, Crime"
Lord of War,2005,42000000.0,24127895.0,17872105.0,"Crime, Drama, Thriller"
City By The Sea,2002,40000000.0,22433915.0,17566085.0,"Crime, Drama, Mystery"
Sabotage,2014,35000000.0,17508518.0,17491482.0,"Action, Drama, Thriller, Crime"
Wicker Park,2004,30000000.0,13001257.0,16998743.0,"Drama, Mystery, Romance, Thriller"
Solaris,2002,47000000.0,30002758.0,16997242.0,"Drama, Science Fiction, Mystery, Romance"
Reign of Fire,2002,60000000.0,43061982.0,16938018.0,"Adventure, Action, Fantasy"
Rosewood,1997,30000000.0,13130349.0,16869651.0,"Drama, History"
For the Boys,1991,40000000.0,23202444.0,16797556.0,"Music, Drama"
Criminal,2016,31500000.0,14708696.0,16791304.0,Action
Body of Evidence,1993,30000000.0,13273595.0,16726405.0,"Drama, Thriller, Romance"
Leatherheads,2008,58000000.0,41299492.0,16700508.0,"Comedy, Romance, Drama"
Walk Hard: The Dewey Cox Story,2007,35000000.0,18317151.0,16682849.0,"Comedy, Music"
Hoodwinked Too! Hood VS. Evil,2011,30000000.0,13521829.0,16478171.0,"Comedy, Animation, Family"
Dragon Wars: D-War,2007,70000000.0,53587404.0,16412596.0,"Fantasy, Drama, Horror, Action, Thriller, Science Fiction"
Geronimo: An American Legend,1993,35000000.0,18635620.0,16364380.0,"History, Action, Drama, Western"
Stormbreaker,2006,40000000.0,23937870.0,16062130.0,"Adventure, Action, Family"
Welcome to Mooseport,2004,30000000.0,14000000.0,16000000.0,Comedy
Cool World,1992,30000000.0,14110589.0,15889411.0,"Animation, Comedy, Fantasy"
Extraordinary Measures,2010,31000000.0,15134293.0,15865707.0,Drama
Species II,1998,35000000.0,19165560.0,15834440.0,"Science Fiction, Action, Horror"
The Neverending Story II: The Next Chapter,1990,32000000.0,16283667.0,15716333.0,"Drama, Family, Fantasy, Adventure"
Cursed,2005,35000000.0,19294901.0,15705099.0,"Horror, Comedy"
The People vs. Larry Flynt,1996,36000000.0,20300385.0,15699615.0,Drama
Renaissance Man,1994,40000000.0,24332324.0,15667676.0,"Comedy, War"
Winged Migration,2001,35866397.0,20217080.0,15649317.0,Documentary
Rock of Ages,2012,75000000.0,59418613.0,15581387.0,"Comedy, Drama, Music, Romance"
Winnie the Pooh,2011,30000000.0,14460000.0,15540000.0,"Animation, Family"
Valiant,2005,35000000.0,19478106.0,15521894.0,"Animation, Family, Adventure"
Paradise,1991,34000000.0,18634643.0,15365357.0,"Drama, Family, Romance"
The Assassination of Jesse James by the Coward Robert Ford,2007,30000000.0,14711793.0,15288207.0,"Action, Drama, Western"
Big Miracle,2012,40000000.0,24719215.0,15280785.0,"Adventure, Drama, Romance"
The Space Between Us,2017,30000000.0,14793385.0,15206615.0,"Romance, Adventure, Science Fiction, Drama"
The Life Aquatic with Steve Zissou,2004,50000000.0,34808403.0,15191597.0,"Adventure, Comedy, Drama"
The Cave,2005,30000000.0,15007991.0,14992009.0,"Action, Adventure, Horror, Thriller"
The Guardian,2006,70000000.0,55011732.0,14988268.0,"Action, Adventure, Drama"
Down with Love,2003,35000000.0,20298207.0,14701793.0,"Action, Comedy, Romance, Thriller"
The Inhabited Island,2008,36500000.0,21834845.0,14665155.0,"Action, Fantasy, Science Fiction, Thriller"
Alex Cross,2012,45000000.0,30353232.0,14646768.0,"Action, Thriller, Crime, Mystery"
Alex & Emma,2003,30000000.0,15368897.0,14631103.0,"Comedy, Romance"
Anonymous,2011,30000000.0,15395087.0,14604913.0,"Drama, History, Thriller"
Highlander II: The Quickening,1991,30000000.0,15556340.0,14443660.0,"Action, Fantasy, Science Fiction"
Summer Catch,2001,34000000.0,19693891.0,14306109.0,"Drama, Comedy, Romance"
Pathfinder,2007,45000000.0,30822861.0,14177139.0,Adventure
The Bachelor,1999,51000000.0,36911617.0,14088383.0,Comedy
The Aviator,2004,116000000.0,102000000.0,14000000.0,Drama
The Internship,2013,58000000.0,44000000.0,14000000.0,Comedy
The Whole Ten Yards,2004,40000000.0,26155781.0,13844219.0,"Comedy, Thriller, Crime"
The Boat That Rocked,2009,50000000.0,36348784.0,13651216.0,"Drama, Comedy"
Repo Men,2010,32000000.0,18409891.0,13590109.0,"Action, Science Fiction, Thriller, Crime"
Funny People,2009,75000000.0,61458982.0,13541018.0,"Comedy, Drama"
What Dreams May Come,1998,85000000.0,71485043.0,13514957.0,"Drama, Fantasy, Romance"
The Quick and the Dead,1995,32000000.0,18552460.0,13447540.0,"Action, Western"
A Cure for Wellness,2017,40000000.0,26559557.0,13440443.0,"Mystery, Thriller, Horror, Science Fiction"
Ronin,1998,55000000.0,41610884.0,13389116.0,"Action, Thriller, Crime, Adventure"
A Civil Action,1998,70000000.0,56702901.0,13297099.0,Drama
The Big Wedding,2013,35000000.0,21819348.0,13180652.0,Comedy
88 Minutes,2007,30000000.0,16930884.0,13069116.0,"Crime, Mystery, Thriller"
Little Black Book,2004,35000000.0,22034832.0,12965168.0,"Comedy, Romance, Drama"
The Musketeer,2001,40000000.0,27053815.0,12946185.0,"Action, Adventure, Drama"
Space Pirate Captain Harlock,2013,30000000.0,17137302.0,12862698.0,"Animation, Science Fiction"
Empire of the Sun,1987,35000000.0,22238696.0,12761304.0,"Drama, History, War"
Almost Famous,2000,60000000.0,47383689.0,12616311.0,"Drama, Music"
Pandorum,2009,33000000.0,20645327.0,12354673.0,"Action, Horror, Mystery, Science Fiction, Thriller"
Scott Pilgrim vs. the World,2010,60000000.0,47664559.0,12335441.0,"Action, Adventure, Comedy"
Two Brothers,2004,74500000.0,62172050.0,12327950.0,"Adventure, Drama, Family"
Riding in Cars with Boys,2001,48000000.0,35743308.0,12256692.0,"Comedy, Drama, Romance"
Shoot 'Em Up,2007,39000000.0,26820641.0,12179359.0,"Action, Thriller, Comedy, Crime"
Pompeii,2014,130000000.0,117831631.0,12168369.0,"Action, Adventure, History, Romance, Drama"
Sky Captain and the World of Tomorrow,2004,70000000.0,57958696.0,12041304.0,"Mystery, Action, Thriller, Science Fiction, Adventure"
That's My Boy,2012,70000000.0,58058367.0,11941633.0,Comedy
Whiskey Tango Foxtrot,2016,35000000.0,23083334.0,11916666.0,"War, Comedy"
Cirque du Freak: The Vampire's Assistant,2009,40000000.0,28169671.0,11830329.0,"Adventure, Fantasy, Action, Thriller"
Antitrust,2001,30000000.0,18195610.0,11804390.0,"Action, Crime, Drama"
Dream House,2011,50000000.0,38502340.0,11497660.0,"Drama, Thriller, Mystery"
Looney Tunes: Back in Action,2003,80000000.0,68514844.0,11485156.0,"Animation, Comedy, Family"
Oscar,1991,35000000.0,23562716.0,11437284.0,"Action, Comedy, Thriller, Family"
The Avengers,1998,60000000.0,48585416.0,11414584.0,Thriller
An Unfinished Life,2005,30000000.0,18618284.0,11381716.0,Drama
The Life of David Gale,2003,50000000.0,38955598.0,11044402.0,"Drama, Thriller, Crime"
Shorts,2009,40000000.0,28972508.0,11027492.0,"Comedy, Family"
Wanderlust,2012,35000000.0,24159934.0,10840066.0,Comedy
The Replacement Killers,1998,30000000.0,19204929.0,10795071.0,"Action, Drama, Crime, Thriller"
Aloha,2015,37000000.0,26250020.0,10749980.0,"Drama, Comedy, Romance"
Sahara,2005,130000000.0,119269486.0,10730514.0,"Action, Adventure, Comedy, Drama, Mystery"
Keeping Up with the Joneses,2016,40000000.0,29918745.0,10081255.0,"Action, Comedy"
Midnight in the Garden of Good and Evil,1997,35000000.0,25105255.0,9894745.0,"Crime, Drama, Mystery, Thriller"
The Deep End of the Ocean,1999,38000000.0,28121100.0,9878900.0,"Drama, Mystery"
Reindeer Games,2000,42000000.0,32168970.0,9831030.0,Thriller
Grimsby,2016,35000000.0,25182929.0,9817071.0,"Action, Comedy"
The Art of War,2000,40000000.0,30199105.0,9800895.0,"Crime, Action, Adventure"
Bridget Jones: The Edge of Reason,2004,50000000.0,40203020.0,9796980.0,"Comedy, Romance"
North Country,2005,35000000.0,25224242.0,9775758.0,Drama
Ã†on Flux,2005,62000000.0,52304001.0,9695999.0,"Action, Science Fiction"
The Way Back,2010,30000000.0,20348249.0,9651751.0,"Drama, Adventure, History"
Jack Ryan: Shadow Recruit,2014,60000000.0,50549107.0,9450893.0,"Action, Drama, Thriller"
Meet Dave,2008,60000000.0,50650079.0,9349921.0,"Comedy, Science Fiction, Adventure, Family"
Gamer,2009,50000000.0,40828540.0,9171460.0,"Action, Thriller, Science Fiction"
Superhero Movie,2008,35000000.0,25871834.0,9128166.0,"Action, Comedy, Science Fiction"
The Tale of Despereaux,2008,60000000.0,50877145.0,9122855.0,"Adventure, Animation, Family"
James and the Giant Peach,1996,38000000.0,28921264.0,9078736.0,"Adventure, Animation, Family"
Dune,1984,40000000.0,30925690.0,9074310.0,"Action, Science Fiction, Adventure"
Billy Lynn's Long Halftime Walk,2016,40000000.0,30930984.0,9069016.0,"Drama, War"
Dredd,2012,50000000.0,41037742.0,8962258.0,"Action, Science Fiction"
Happily N'Ever After,2006,47000000.0,38085778.0,8914222.0,"Animation, Comedy, Family, Fantasy, Science Fiction"
The Legend of Hercules,2014,70000000.0,61279452.0,8720548.0,"Action, Adventure"
Gremlins 2: The New Batch,1990,50000000.0,41482207.0,8517793.0,"Comedy, Horror, Fantasy"
Rent,2005,40000000.0,31670620.0,8329380.0,"Drama, Romance"
Killer Elite,2011,66000000.0,57777106.0,8222894.0,"Action, Adventure, Thriller"
Mr. 3000,2004,30000000.0,21800302.0,8199698.0,"Comedy, Drama"
Pulse,2006,38000000.0,29907685.0,8092315.0,"Horror, Thriller"
Oliver Twist,2005,50000000.0,42093706.0,7906294.0,"Crime, Drama, Family"
Flash Gordon,1980,35000000.0,27107960.0,7892040.0,Science Fiction
Doomsday,2008,30000000.0,22211426.0,7788574.0,"Action, Thriller, Science Fiction"
Escape from L.A.,1996,50000000.0,42277365.0,7722635.0,"Action, Adventure, Science Fiction, Thriller"
Dragonfly,2002,60000000.0,52322400.0,7677600.0,Drama
Mandela: Long Walk to Freedom,2013,35000000.0,27330000.0,7670000.0,"Drama, History"
Red Tails,2012,58000000.0,50365377.0,7634623.0,"Drama, Action, Adventure, History, War"
The Young Victoria,2009,35000000.0,27409889.0,7590111.0,Drama
Bandits,2001,75000000.0,67631903.0,7368097.0,"Action, Comedy, Crime, Romance"
Showtime,2002,85000000.0,77741732.0,7258268.0,"Action, Comedy"
Basic,2003,50000000.0,42792561.0,7207439.0,"Action, Drama, Mystery, Thriller, Crime"
The Producers,2005,45000000.0,38058335.0,6941665.0,"Comedy, Music"
The Thing,2011,35000000.0,28128670.0,6871330.0,"Horror, Science Fiction, Mystery, Thriller"
Hearts in Atlantis,2001,31000000.0,24185781.0,6814219.0,"Drama, Mystery"
Life,1999,80000000.0,73345029.0,6654971.0,"Comedy, Crime"
Collateral Damage,2002,85000000.0,78382433.0,6617567.0,"Action, Thriller, Drama"
Last Holiday,2006,45000000.0,38399961.0,6600039.0,"Adventure, Comedy, Drama"
Original Sin,2001,42000000.0,35402320.0,6597680.0,Thriller
The Glass House,2001,30000000.0,23619609.0,6380391.0,"Drama, Thriller"
Bicentennial Man,1999,100000000.0,93700000.0,6300000.0,"Comedy, Science Fiction"
In the Heart of the Sea,2015,100000000.0,93820758.0,6179242.0,"Thriller, Drama, Adventure, Action, History"
Home on the Range,2004,110000000.0,103951461.0,6048539.0,"Animation, Family"
Children of Men,2006,76000000.0,69959751.0,6040249.0,"Drama, Action, Thriller, Science Fiction"
Virtuosity,1995,30000000.0,24048000.0,5952000.0,"Action, Crime, Science Fiction, Thriller"
Ben-Hur,2016,100000000.0,94061311.0,5938689.0,"Adventure, Drama, Action"
Victor Frankenstein,2015,40000000.0,34227298.0,5772702.0,"Drama, Science Fiction, Thriller"
The Pledge,2001,35000000.0,29400000.0,5600000.0,"Crime, Drama, Mystery, Thriller"
Into the Blue,2005,50000000.0,44434439.0,5565561.0,"Action, Thriller, Adventure, Crime"
The Negotiator,1998,50000000.0,44547681.0,5452319.0,"Action, Adventure, Crime, Drama, Mystery, Thriller"
The Four Feathers,2002,35000000.0,29882645.0,5117355.0,"War, Adventure, Drama, Romance"
Green Zone,2010,100000000.0,94882889.0,5117111.0,"War, Action, Adventure, Drama, Thriller"
Edge of Darkness,2010,80000000.0,74901339.0,5098661.0,"Crime, Drama, Mystery, Thriller"
Analyze That,2002,60000000.0,55003135.0,4996865.0,"Comedy, Crime"
Elizabethtown,2005,57000000.0,52034889.0,4965111.0,"Comedy, Drama, Romance"
Dark Water,2005,30000000.0,25473093.0,4526907.0,"Drama, Horror, Thriller"
Mimic,1997,30000000.0,25480490.0,4519510.0,"Fantasy, Horror, Thriller"
Two for the Money,2005,35000000.0,30526509.0,4473491.0,"Comedy, Crime, Drama, Thriller"
The Road,2009,32000000.0,27635305.0,4364695.0,"Adventure, Drama"
The Rundown,2003,85000000.0,80916492.0,4083508.0,"Adventure, Action, Comedy, Thriller"
Bad Company,2002,70000000.0,65977295.0,4022705.0,"Action, Adventure, Comedy, Thriller"
Doom,2005,60000000.0,55987321.0,4012679.0,"Adventure, Action, Horror"
Hanging Up,2000,40000000.0,36037909.0,3962091.0,"Comedy, Drama"
Premium Rush,2012,35000000.0,31083599.0,3916401.0,"Crime, Action, Thriller"
The Master,2012,32000000.0,28258060.0,3741940.0,Drama
Frankenweenie,2012,39000000.0,35287788.0,3712212.0,"Animation, Comedy, Family"
15 Minutes,2001,60000000.0,56359980.0,3640020.0,"Action, Crime, Thriller"
Ella Enchanted,2004,31000000.0,27388767.0,3611233.0,"Family, Fantasy, Comedy"
The Doors,1991,38000000.0,34416893.0,3583107.0,"Drama, Music"
For Richer or Poorer,1997,35000000.0,31611225.0,3388775.0,Comedy
1941,1979,35000000.0,31755742.0,3244258.0,"Action, Comedy"
The Invisible,2007,30000000.0,26810113.0,3189887.0,"Crime, Drama, Fantasy, Mystery, Thriller"
One for the Money,2012,40000000.0,36893721.0,3106279.0,"Action, Comedy, Crime"
Tristan & Isolde,2006,31000000.0,28000000.0,3000000.0,Drama
The Dilemma,2011,70000000.0,67112664.0,2887336.0,"Comedy, Drama"
Snowden,2016,40000000.0,37279439.0,2720561.0,"Drama, Thriller"
The Incredible Burt Wonderstone,2013,30000000.0,27437881.0,2562119.0,Comedy
Matilda,1996,36000000.0,33459416.0,2540584.0,"Comedy, Family, Fantasy"
Untraceable,2008,35000000.0,32483410.0,2516590.0,Drama
Bangkok Dangerous,2008,45000000.0,42487390.0,2512610.0,"Action, Crime, Thriller"
Inkheart,2008,60000000.0,57490374.0,2509626.0,"Adventure, Family, Fantasy"
Goal!: The Dream Begins,2005,30000000.0,27610873.0,2389127.0,Drama
The Quiet American,2002,30000000.0,27674124.0,2325876.0,"Drama, Action, Thriller, Romance"
Fred Claus,2007,100000000.0,97838349.0,2161651.0,"Action, Comedy, Drama"
Evan Almighty,2007,175000000.0,173000000.0,2000000.0,"Fantasy, Comedy, Family"
Exorcist: The Beginning,2004,80000000.0,78000586.0,1999414.0,"Horror, Mystery, Thriller"
G.I. Jane,1997,50000000.0,48169156.0,1830844.0,"Action, Drama"
Quest for Camelot,1998,40000000.0,38172500.0,1827500.0,"Fantasy, Animation, Drama, Romance, Family"
The Age of Innocence,1993,34000000.0,32255440.0,1744560.0,"Drama, Romance"
HOUBA! On the Trail of the Marsupilami,2012,50000000.0,48600000.0,1400000.0,"Adventure, Comedy"
The Wicker Man,2006,40000000.0,38755073.0,1244927.0,"Mystery, Thriller, Horror"
On Deadly Ground,1994,50000000.0,49000000.0,1000000.0,"Action, Thriller"
The Black Dahlia,2006,50000000.0,49111202.0,888798.0,Drama
Bulworth,1998,30000000.0,29202884.0,797116.0,"Comedy, Drama"
Zathura: A Space Adventure,2005,65000000.0,64321501.0,678499.0,"Family, Fantasy, Science Fiction, Adventure"
The Frighteners,1996,30000000.0,29359216.0,640784.0,"Horror, Comedy"
Raising Helen,2004,50000000.0,49718611.0,281389.0,"Drama, Comedy, Romance"
The Brave One,2007,70000000.0,69766619.0,233381.0,"Crime, Drama, Thriller"
Serenity,2005,39000000.0,38869464.0,130536.0,"Science Fiction, Action, Adventure, Thriller"
